Abuse013_x264;Abuse
Abuse014_x264;Abuse
Abuse015_x264;Abuse
Abuse016_x264;Abuse
Abuse017_x264;Abuse
Abuse018_x264;Abuse
Abuse019_x264;Abuse
Abuse020_x264;Abuse
Abuse021_x264;Abuse
Abuse022_x264;Abuse
Abuse023_x264;Abuse
Abuse024_x264;Abuse
Abuse025_x264;Abuse
Abuse026_x264;Abuse
Abuse027_x264;Abuse
Abuse028_x264;Abuse
Abuse029_x264;Abuse
Abuse030_x264;Abuse
Abuse031_x264;Abuse
Abuse032_x264;Abuse
Abuse033_x264;Abuse
Abuse034_x264;Abuse
Abuse035_x264;Abuse
Abuse036_x264;Abuse
Abuse037_x264;Abuse
Abuse038_x264;Abuse
Abuse039_x264;Abuse
Abuse040_x264;Abuse
Abuse041_x264;Abuse
Abuse042_x264;Abuse
Abuse043_x264;Abuse
Abuse044_x264;Abuse
Abuse045_x264;Abuse
Abuse046_x264;Abuse
Abuse047_x264;Abuse
Abuse048_x264;Abuse
Abuse049_x264;Abuse
Abuse050_x264;Abuse
Arrest013_x264;Arrest
Arrest014_x264;Arrest
Arrest015_x264;Arrest
Arrest016_x264;Arrest
Arrest017_x264;Arrest
Arrest018_x264;Arrest
Arrest019_x264;Arrest
Arrest020_x264;Arrest
Arrest021_x264;Arrest
Arrest022_x264;Arrest
Arrest023_x264;Arrest
Arrest024_x264;Arrest
Arrest025_x264;Arrest
Arrest026_x264;Arrest
Arrest027_x264;Arrest
Arrest028_x264;Arrest
Arrest029_x264;Arrest
Arrest030_x264;Arrest
Arrest031_x264;Arrest
Arrest032_x264;Arrest
Arrest033_x264;Arrest
Arrest034_x264;Arrest
Arrest035_x264;Arrest
Arrest036_x264;Arrest
Arrest037_x264;Arrest
Arrest038_x264;Arrest
Arrest039_x264;Arrest
Arrest040_x264;Arrest
Arrest041_x264;Arrest
Arrest042_x264;Arrest
Arrest043_x264;Arrest
Arrest044_x264;Arrest
Arrest046_x264;Arrest
Arrest047_x264;Arrest
Arrest048_x264;Arrest
Arrest049_x264;Arrest
Arrest050_x264;Arrest
Arrest051_x264;Arrest
Arson014_x264;Arson
Arson015_x264;Arson
Arson016_x264;Arson
Arson017_x264;Arson
Arson018_x264;Arson
Arson019_x264;Arson
Arson020_x264;Arson
Arson021_x264;Arson
Arson022_x264;Arson
Arson023_x264;Arson
Arson024_x264;Arson
Arson025_x264;Arson
Arson026_x264;Arson
Arson027_x264;Arson
Arson028_x264;Arson
Arson029_x264;Arson
Arson030_x264;Arson
Arson031_x264;Arson
Arson032_x264;Arson
Arson034_x264;Arson
Arson035_x264;Arson
Arson036_x264;Arson
Arson037_x264;Arson
Arson038_x264;Arson
Arson039_x264;Arson
Arson040_x264;Arson
Arson041_x264;Arson
Arson042_x264;Arson
Arson044_x264;Arson
Arson045_x264;Arson
Arson046_x264;Arson
Arson047_x264;Arson
Arson048_x264;Arson
Arson049_x264;Arson
Arson050_x264;Arson
Arson051_x264;Arson
Arson052_x264;Arson
Arson053_x264;Arson
Assault013_x264;Assault
Assault014_x264;Assault
Assault015_x264;Assault
Assault016_x264;Assault
Assault017_x264;Assault
Assault018_x264;Assault
Assault019_x264;Assault
Assault020_x264;Assault
Assault022_x264;Assault
Assault023_x264;Assault
Assault024_x264;Assault
Assault025_x264;Assault
Assault026_x264;Assault
Assault027_x264;Assault
Assault028_x264;Assault
Assault029_x264;Assault
Assault030_x264;Assault
Assault031_x264;Assault
Assault032_x264;Assault
Assault033_x264;Assault
Assault034_x264;Assault
Assault035_x264;Assault
Assault036_x264;Assault
Assault037_x264;Assault
Assault038_x264;Assault
Assault039_x264;Assault
Assault040_x264;Assault
Assault041_x264;Assault
Assault042_x264;Assault
Assault044_x264;Assault
Assault045_x264;Assault
Assault046_x264;Assault
Assault047_x264;Assault
Assault048_x264;Assault
Assault049_x264;Assault
Assault050_x264;Assault
Assault051_x264;Assault
Assault052_x264;Assault
Burglary013_x264;Burglary
Burglary014_x264;Burglary
Burglary015_x264;Burglary
Burglary016_x264;Burglary
Burglary017_x264;Burglary
Burglary018_x264;Burglary
Burglary019_x264;Burglary
Burglary020_x264;Burglary
Burglary021_x264;Burglary
Burglary022_x264;Burglary
Burglary023_x264;Burglary
Burglary024_x264;Burglary
Burglary025_x264;Burglary
Burglary026_x264;Burglary
Burglary027_x264;Burglary
Burglary028_x264;Burglary
Burglary029_x264;Burglary
Burglary030_x264;Burglary
Burglary031_x264;Burglary
Burglary032_x264;Burglary
Burglary033_x264;Burglary
Burglary034_x264;Burglary
Burglary035_x264;Burglary
Burglary036_x264;Burglary
Burglary037_x264;Burglary
Burglary038_x264;Burglary
Burglary039_x264;Burglary
Burglary040_x264;Burglary
Burglary041_x264;Burglary
Burglary042_x264;Burglary
Burglary043_x264;Burglary
Burglary044_x264;Burglary
Burglary045_x264;Burglary
Burglary046_x264;Burglary
Burglary047_x264;Burglary
Burglary048_x264;Burglary
Burglary049_x264;Burglary
Burglary050_x264;Burglary
Explosion013_x264;Explosion
Explosion014_x264;Explosion
Explosion015_x264;Explosion
Explosion016_x264;Explosion
Explosion017_x264;Explosion
Explosion018_x264;Explosion
Explosion019_x264;Explosion
Explosion020_x264;Explosion
Explosion021_x264;Explosion
Explosion022_x264;Explosion
Explosion023_x264;Explosion
Explosion024_x264;Explosion
Explosion025_x264;Explosion
Explosion026_x264;Explosion
Explosion027_x264;Explosion
Explosion028_x264;Explosion
Explosion029_x264;Explosion
Explosion030_x264;Explosion
Explosion032_x264;Explosion
Explosion033_x264;Explosion
Explosion034_x264;Explosion
Explosion035_x264;Explosion
Explosion036_x264;Explosion
Explosion037_x264;Explosion
Explosion038_x264;Explosion
Explosion039_x264;Explosion
Explosion040_x264;Explosion
Explosion041_x264;Explosion
Explosion042_x264;Explosion
Explosion043_x264;Explosion
Explosion044_x264;Explosion
Explosion045_x264;Explosion
Explosion046_x264;Explosion
Explosion047_x264;Explosion
Explosion048_x264;Explosion
Explosion050_x264;Explosion
Explosion051_x264;Explosion
Explosion052_x264;Explosion
Fighting014_x264;Fighting
Fighting015_x264;Fighting
Fighting016_x264;Fighting
Fighting017_x264;Fighting
Fighting018_x264;Fighting
Fighting019_x264;Fighting
Fighting020_x264;Fighting
Fighting021_x264;Fighting
Fighting022_x264;Fighting
Fighting023_x264;Fighting
Fighting024_x264;Fighting
Fighting025_x264;Fighting
Fighting026_x264;Fighting
Fighting027_x264;Fighting
Fighting028_x264;Fighting
Fighting029_x264;Fighting
Fighting030_x264;Fighting
Fighting031_x264;Fighting
Fighting032_x264;Fighting
Fighting033_x264;Fighting
Fighting034_x264;Fighting
Fighting035_x264;Fighting
Fighting036_x264;Fighting
Fighting037_x264;Fighting
Fighting038_x264;Fighting
Fighting039_x264;Fighting
Fighting040_x264;Fighting
Fighting041_x264;Fighting
Fighting042_x264;Fighting
Fighting043_x264;Fighting
Fighting044_x264;Fighting
Fighting045_x264;Fighting
Fighting046_x264;Fighting
Fighting047_x264;Fighting
Fighting048_x264;Fighting
Fighting049_x264;Fighting
Fighting050_x264;Fighting
Fighting051_x264;Fighting
Normal_Videos_317_x264;Normal_Videos_event
Normal_Videos_345_x264;Normal_Videos_event
Normal_Videos_352_x264;Normal_Videos_event
Normal_Videos_360_x264;Normal_Videos_event
Normal_Videos_365_x264;Normal_Videos_event
Normal_Videos_401_x264;Normal_Videos_event
Normal_Videos_417_x264;Normal_Videos_event
Normal_Videos_439_x264;Normal_Videos_event
Normal_Videos_452_x264;Normal_Videos_event
Normal_Videos_453_x264;Normal_Videos_event
Normal_Videos_478_x264;Normal_Videos_event
Normal_Videos_576_x264;Normal_Videos_event
Normal_Videos_597_x264;Normal_Videos_event
Normal_Videos_603_x264;Normal_Videos_event
Normal_Videos_606_x264;Normal_Videos_event
Normal_Videos_621_x264;Normal_Videos_event
Normal_Videos_634_x264;Normal_Videos_event
Normal_Videos_641_x264;Normal_Videos_event
Normal_Videos_656_x264;Normal_Videos_event
Normal_Videos_696_x264;Normal_Videos_event
Normal_Videos_704_x264;Normal_Videos_event
Normal_Videos_722_x264;Normal_Videos_event
Normal_Videos_745_x264;Normal_Videos_event
Normal_Videos_758_x264;Normal_Videos_event
Normal_Videos_781_x264;Normal_Videos_event
Normal_Videos_798_x264;Normal_Videos_event
Normal_Videos_801_x264;Normal_Videos_event
Normal_Videos_828_x264;Normal_Videos_event
Normal_Videos_831_x264;Normal_Videos_event
Normal_Videos_877_x264;Normal_Videos_event
Normal_Videos_881_x264;Normal_Videos_event
Normal_Videos_885_x264;Normal_Videos_event
Normal_Videos_892_x264;Normal_Videos_event
Normal_Videos_905_x264;Normal_Videos_event
Normal_Videos_912_x264;Normal_Videos_event
Normal_Videos_913_x264;Normal_Videos_event
Normal_Videos_914_x264;Normal_Videos_event
Normal_Videos_929_x264;Normal_Videos_event
RoadAccidents013_x264;RoadAccidents
RoadAccidents014_x264;RoadAccidents
RoadAccidents015_x264;RoadAccidents
RoadAccidents016_x264;RoadAccidents
RoadAccidents017_x264;RoadAccidents
RoadAccidents018_x264;RoadAccidents
RoadAccidents019_x264;RoadAccidents
RoadAccidents020_x264;RoadAccidents
RoadAccidents021_x264;RoadAccidents
RoadAccidents022_x264;RoadAccidents
RoadAccidents023_x264;RoadAccidents
RoadAccidents024_x264;RoadAccidents
RoadAccidents025_x264;RoadAccidents
RoadAccidents026_x264;RoadAccidents
RoadAccidents027_x264;RoadAccidents
RoadAccidents028_x264;RoadAccidents
RoadAccidents029_x264;RoadAccidents
RoadAccidents030_x264;RoadAccidents
RoadAccidents031_x264;RoadAccidents
RoadAccidents032_x264;RoadAccidents
RoadAccidents033_x264;RoadAccidents
RoadAccidents034_x264;RoadAccidents
RoadAccidents035_x264;RoadAccidents
RoadAccidents036_x264;RoadAccidents
RoadAccidents037_x264;RoadAccidents
RoadAccidents038_x264;RoadAccidents
RoadAccidents039_x264;RoadAccidents
RoadAccidents040_x264;RoadAccidents
RoadAccidents041_x264;RoadAccidents
RoadAccidents042_x264;RoadAccidents
RoadAccidents043_x264;RoadAccidents
RoadAccidents044_x264;RoadAccidents
RoadAccidents046_x264;RoadAccidents
RoadAccidents047_x264;RoadAccidents
RoadAccidents048_x264;RoadAccidents
RoadAccidents049_x264;RoadAccidents
RoadAccidents050_x264;RoadAccidents
RoadAccidents051_x264;RoadAccidents
Robbery013_x264;Robbery
Robbery014_x264;Robbery
Robbery015_x264;Robbery
Robbery016_x264;Robbery
Robbery017_x264;Robbery
Robbery018_x264;Robbery
Robbery019_x264;Robbery
Robbery020_x264;Robbery
Robbery021_x264;Robbery
Robbery022_x264;Robbery
Robbery023_x264;Robbery
Robbery024_x264;Robbery
Robbery025_x264;Robbery
Robbery026_x264;Robbery
Robbery027_x264;Robbery
Robbery028_x264;Robbery
Robbery029_x264;Robbery
Robbery030_x264;Robbery
Robbery031_x264;Robbery
Robbery032_x264;Robbery
Robbery033_x264;Robbery
Robbery034_x264;Robbery
Robbery035_x264;Robbery
Robbery036_x264;Robbery
Robbery037_x264;Robbery
Robbery038_x264;Robbery
Robbery039_x264;Robbery
Robbery040_x264;Robbery
Robbery041_x264;Robbery
Robbery042_x264;Robbery
Robbery043_x264;Robbery
Robbery044_x264;Robbery
Robbery045_x264;Robbery
Robbery046_x264;Robbery
Robbery047_x264;Robbery
Robbery048_x264;Robbery
Robbery049_x264;Robbery
Robbery050_x264;Robbery
Shooting013_x264;Shooting
Shooting014_x264;Shooting
Shooting015_x264;Shooting
Shooting017_x264;Shooting
Shooting018_x264;Shooting
Shooting019_x264;Shooting
Shooting020_x264;Shooting
Shooting021_x264;Shooting
Shooting022_x264;Shooting
Shooting023_x264;Shooting
Shooting024_x264;Shooting
Shooting025_x264;Shooting
Shooting026_x264;Shooting
Shooting027_x264;Shooting
Shooting028_x264;Shooting
Shooting029_x264;Shooting
Shooting030_x264;Shooting
Shooting031_x264;Shooting
Shooting032_x264;Shooting
Shooting033_x264;Shooting
Shooting034_x264;Shooting
Shooting036_x264;Shooting
Shooting037_x264;Shooting
Shooting038_x264;Shooting
Shooting039_x264;Shooting
Shooting040_x264;Shooting
Shooting041_x264;Shooting
Shooting042_x264;Shooting
Shooting043_x264;Shooting
Shooting044_x264;Shooting
Shooting046_x264;Shooting
Shooting047_x264;Shooting
Shooting048_x264;Shooting
Shooting050_x264;Shooting
Shooting051_x264;Shooting
Shooting052_x264;Shooting
Shooting053_x264;Shooting
Shooting054_x264;Shooting
Shoplifting015_x264;Shoplifting
Shoplifting016_x264;Shoplifting
Shoplifting017_x264;Shoplifting
Shoplifting018_x264;Shoplifting
Shoplifting019_x264;Shoplifting
Shoplifting020_x264;Shoplifting
Shoplifting021_x264;Shoplifting
Shoplifting022_x264;Shoplifting
Shoplifting024_x264;Shoplifting
Shoplifting025_x264;Shoplifting
Shoplifting026_x264;Shoplifting
Shoplifting027_x264;Shoplifting
Shoplifting028_x264;Shoplifting
Shoplifting029_x264;Shoplifting
Shoplifting030_x264;Shoplifting
Shoplifting031_x264;Shoplifting
Shoplifting032_x264;Shoplifting
Shoplifting033_x264;Shoplifting
Shoplifting034_x264;Shoplifting
Shoplifting036_x264;Shoplifting
Shoplifting037_x264;Shoplifting
Shoplifting038_x264;Shoplifting
Shoplifting039_x264;Shoplifting
Shoplifting040_x264;Shoplifting
Shoplifting041_x264;Shoplifting
Shoplifting042_x264;Shoplifting
Shoplifting043_x264;Shoplifting
Shoplifting044_x264;Shoplifting
Shoplifting045_x264;Shoplifting
Shoplifting047_x264;Shoplifting
Shoplifting048_x264;Shoplifting
Shoplifting049_x264;Shoplifting
Shoplifting050_x264;Shoplifting
Shoplifting051_x264;Shoplifting
Shoplifting052_x264;Shoplifting
Shoplifting053_x264;Shoplifting
Shoplifting054_x264;Shoplifting
Shoplifting055_x264;Shoplifting
Stealing015_x264;Stealing
Stealing016_x264;Stealing
Stealing017_x264;Stealing
Stealing018_x264;Stealing
Stealing019_x264;Stealing
Stealing020_x264;Stealing
Stealing021_x264;Stealing
Stealing022_x264;Stealing
Stealing023_x264;Stealing
Stealing024_x264;Stealing
Stealing025_x264;Stealing
Stealing026_x264;Stealing
Stealing027_x264;Stealing
Stealing028_x264;Stealing
Stealing029_x264;Stealing
Stealing030_x264;Stealing
Stealing031_x264;Stealing
Stealing032_x264;Stealing
Stealing035_x264;Stealing
Stealing036_x264;Stealing
Stealing037_x264;Stealing
Stealing042_x264;Stealing
Stealing043_x264;Stealing
Stealing044_x264;Stealing
Stealing045_x264;Stealing
Stealing046_x264;Stealing
Stealing047_x264;Stealing
Stealing048_x264;Stealing
Stealing049_x264;Stealing
Stealing050_x264;Stealing
Stealing051_x264;Stealing
Stealing052_x264;Stealing
Stealing053_x264;Stealing
Stealing054_x264;Stealing
Stealing055_x264;Stealing
Stealing057_x264;Stealing
Stealing058_x264;Stealing
Stealing059_x264;Stealing
Vandalism013_x264;Vandalism
Vandalism014_x264;Vandalism
Vandalism015_x264;Vandalism
Vandalism016_x264;Vandalism
Vandalism017_x264;Vandalism
Vandalism018_x264;Vandalism
Vandalism019_x264;Vandalism
Vandalism020_x264;Vandalism
Vandalism021_x264;Vandalism
Vandalism022_x264;Vandalism
Vandalism023_x264;Vandalism
Vandalism024_x264;Vandalism
Vandalism025_x264;Vandalism
Vandalism026_x264;Vandalism
Vandalism027_x264;Vandalism
Vandalism028_x264;Vandalism
Vandalism029_x264;Vandalism
Vandalism030_x264;Vandalism
Vandalism031_x264;Vandalism
Vandalism032_x264;Vandalism
Vandalism033_x264;Vandalism
Vandalism034_x264;Vandalism
Vandalism035_x264;Vandalism
Vandalism036_x264;Vandalism
Vandalism037_x264;Vandalism
Vandalism038_x264;Vandalism
Vandalism039_x264;Vandalism
Vandalism040_x264;Vandalism
Vandalism041_x264;Vandalism
Vandalism042_x264;Vandalism
Vandalism043_x264;Vandalism
Vandalism044_x264;Vandalism
Vandalism045_x264;Vandalism
Vandalism046_x264;Vandalism
Vandalism047_x264;Vandalism
Vandalism048_x264;Vandalism
Vandalism049_x264;Vandalism
Vandalism050_x264;Vandalism
